{"mean": [-0.22181855142116547, -0.2656216621398926, -1.3174974918365479, 14.776784896850586, 0.9428113698959351, -0.004025236703455448, 0.004435678478330374], "std": [12.77967643737793, 13.433337211608887, 2.14082670211792, 11.491921424865723, 0.042118098586797714, 0.20246030390262604, 0.2568133473396301]}