{"train_loss": [0.3671249001029008, 0.3369743834351504, 0.32619529008175596, 0.32334451193059816, 0.31882058626303933, 0.31553250868155874, 0.3117471218572934, 0.3084764384619255, 0.3065896451009433, 0.30671239883326, 0.30575188555578564, 0.3047685116196478, 0.3048747852087877, 0.30023752592938097, 0.30256398608469526, 0.3008174482860854, 0.30205953285300247, 0.29816526074649236, 0.30031756314628144, 0.3000418083699151, 0.2995773068579406, 0.300450349028883, 0.29665208539530835, 0.29857173914659146, 0.2971773680718727, 0.29860587280722306, 0.2972979743482585, 0.2991564255282104, 0.2971893597605318, 0.29671617914273657, 0.2957406644452979, 0.2948444957375907, 0.29426213879515817, 0.2945108724682215, 0.2938520062033976, 0.2934185820263762, 0.2955840840008101, 0.2937001653033452, 0.2909891404395853, 0.29358159592531247, 0.2942754393361705, 0.29193450156108725, 0.29408055795423527, 0.29292794270032135, 0.29146230801737794, 0.29241132427003985, 0.2915495632532969, 0.2925886508710653, 0.2911547579448031, 0.29119344517077245, 0.29140923493924564, 0.2914876222836429, 0.29082305803121994, 0.2897219007978987, 0.29222900513187944, 0.29234843633932206, 0.29079989614433416, 0.2909174116071186, 0.2890030972463363, 0.29008574318809693, 0.2913431001430212, 0.2914025263603649, 0.2915323050566321, 0.29169750893867596, 0.2912554615084305, 0.2910307160528869, 0.2914982746992222, 0.2909172727634977, 0.29146186748173175, 0.2900368613499408, 0.2917230162183856, 0.29114449928616487, 0.28886184606519777, 0.29038325712643714, 0.28888968371764623, 0.2901932964456719, 0.29142482996771835, 0.28854721701344965, 0.28937609471731535, 0.29155197451805365, 0.29057006049137163, 0.2914856533800138, 0.29111801716963576, 0.28981897843212295, 0.2903860305738468, 0.2887266330117715, 0.2897231816853035, 0.290518495504702, 0.29159095541463315, 0.29021254686099096, 0.2919737051426175, 0.2897316467222079, 0.29205501659907823, 0.2892488291203167, 0.29110991138985703, 0.2889587992693744, 0.2894665046408475, 0.2893058779840458, 0.2903257604964904, 0.29227998752833745], "val_loss": [0.30796559672256946, 0.3042231981114597, 0.2965559033783758, 0.2979714739237242, 0.29338510365338083, 0.2927695760728827, 0.2899796011009414, 0.286775874365477, 0.28687034922230775, 0.2865083555744332, 0.28828307962531496, 0.2861585878784869, 0.28645395962106196, 0.28585840856573386, 0.28502202052978953, 0.28241442151035473, 0.28258755788871437, 0.28527844272506464, 0.2820245773312013, 0.28172964889817176, 0.2818863389028865, 0.28207321011811304, 0.2835267840819374, 0.28131245591553156, 0.2842086235856175, 0.2823098572623578, 0.2779562071108135, 0.2818057063705982, 0.279474175137699, 0.28142691697854144, 0.2791948204824499, 0.2816340445190858, 0.277274039876499, 0.27614249545297803, 0.27794716820405546, 0.2771922503212455, 0.2779797999437448, 0.2774229044699745, 0.27618641845265013, 0.27886706332017663, 0.2757455134989729, 0.2779801824147914, 0.2774663770654399, 0.27772610926419306, 0.27724685662301485, 0.2750328382963588, 0.27648527673475304, 0.27434736124838993, 0.2756892504633232, 0.2765246381995025, 0.2746692722437868, 0.27490381977170897, 0.276725135767346, 0.2751179820365587, 0.27701153594312394, 0.2753203668791777, 0.27779307377756024, 0.27899923282349187, 0.27434269046992255, 0.27800830365840795, 0.2771552420061105, 0.2748250129401304, 0.27608317630306173, 0.27383169845031324, 0.2777268714301146, 0.27549780618138375, 0.27552667737102055, 0.27701497602329894, 0.2757917781401971, 0.2776879199608496, 0.2741886369978926, 0.2759382083632384, 0.27507782120044066, 0.27537414635632446, 0.27600086580036554, 0.2732713598354607, 0.2750177217801665, 0.27399929461016015, 0.2746057026562797, 0.27583209823840743, 0.27501999337676986, 0.2747772041067576, 0.27561363328699096, 0.2754234064868681, 0.2766838149422673, 0.27510374423804557, 0.27465433658213373, 0.27621576261178704, 0.2770707505001764, 0.2753737077923717, 0.2749106086505826, 0.2758010016979685, 0.2750439189943918, 0.2762513960100663, 0.2742887703096791, 0.2767875148517311, 0.2743028225555162, 0.27536762455941005, 0.27426782853094633, 0.2743689693083429], "val_accuracy": [0.9552223912989248, 0.9593883303814205, 0.9626437498440891, 0.9656996033626861, 0.9665976501110085, 0.9620824706263876, 0.9661486267368473, 0.968593309551725, 0.9661236809938384, 0.9650759597874623, 0.9650385411729488, 0.9650510140444533, 0.9693915733280116, 0.9694788834285429, 0.9651009055304712, 0.9696160850150922, 0.9681692319205728, 0.9675455883453489, 0.9670965649711877, 0.9649013395863996, 0.9677077356749071, 0.9659241150497667, 0.9680320303340235, 0.9686806196522564, 0.9639658742235637, 0.9673086037867638, 0.9678823558759697, 0.9684810537081847, 0.9695537206575698, 0.9684935265796891, 0.9645770449272831, 0.9647766108713548, 0.966610122982513, 0.9653129443460473, 0.9673086037867638, 0.9686307281662384, 0.9659241150497667, 0.9664479756529548, 0.967470751116322, 0.9653378900890563, 0.9658492778207399, 0.9690423329258862, 0.968855239853319, 0.9662733554518921, 0.9687679297527877, 0.9689176042108414, 0.968618255294734, 0.9678698830044653, 0.9673959138872952, 0.9662484097088831, 0.9681941776635817, 0.967732681417916, 0.967470751116322, 0.9668221617980891, 0.9690173871828772, 0.9681567590490683, 0.9676827899318982, 0.9679197744904832, 0.9681817047920772, 0.9687554568812832, 0.9672212936862324, 0.9687804026242922, 0.9670217277421608, 0.9688178212388056, 0.9681817047920772, 0.9689924414398683, 0.9698031780876594, 0.9672088208147279, 0.9665851772395041, 0.9676453713173847, 0.9684186893506623, 0.9694414648140295, 0.9675830069598623, 0.9689924414398683, 0.9672836580437548, 0.966896999027116, 0.9685309451942026, 0.9676578441888891, 0.9686556739092473, 0.9676079527028713, 0.9683937436076534, 0.968306433507122, 0.9691545887694265, 0.9671215107141966, 0.9672212936862324, 0.9681442861775638, 0.967782572903934, 0.9675830069598623, 0.9677202085464116, 0.9688302941103101, 0.968331379250131, 0.9675954798313667, 0.9681817047920772, 0.9680320303340235, 0.9677950457754384, 0.9667972160550802, 0.9664729213959637, 0.9664479756529548, 0.9670965649711877, 0.9686057824232295],